{
  "results": {
    "LogReg": {
      "AUC_PR": 0.005165360927961283,
      "AUC_ROC": 0.729169636945463,
      "best_F1": 0.02052300547971251,
      "thr": 0.7976027131080627,
      "TN": 434339,
      "FP": 8243,
      "FN": 634,
      "TP": 93
    },
    "RandomForest": {
      "AUC_PR": 0.007316453047813814,
      "AUC_ROC": 0.7367394229549187,
      "best_F1": 0.03649265032020364,
      "thr": 0.7530184380907157,
      "TN": 441372,
      "FP": 1210,
      "FN": 691,
      "TP": 36
    },
    "XGBoost": {
      "AUC_PR": 0.008208878843826236,
      "AUC_ROC": 0.7355464749724229,
      "best_F1": 0.034572169072469,
      "thr": 0.8522943258285522,
      "TN": 439898,
      "FP": 2684,
      "FN": 667,
      "TP": 60
    },
    "LightGBM": {
      "AUC_PR": 0.003481632250559038,
      "AUC_ROC": 0.600126372031047,
      "best_F1": 0.013394962673137275,
      "thr": 1.0,
      "TN": 422249,
      "FP": 20333,
      "FN": 585,
      "TP": 142
    },
    "MLP (sklearn)": {
      "AUC_PR": 0.00852353000604701,
      "AUC_ROC": 0.728939573656171,
      "best_F1": 0.03417721483560507,
      "thr": 0.4587513506412506,
      "TN": 440203,
      "FP": 2379,
      "FN": 673,
      "TP": 54
    },
    "MLP (PyTorch)": {
      "AUC_PR": 0.006612599784545265,
      "AUC_ROC": 0.7215886794658408,
      "best_F1": 0.033957845098197666,
      "thr": 0.430309921503067,
      "TN": 439951,
      "FP": 2631,
      "FN": 669,
      "TP": 58
    }
  },
  "best_model": "MLP (sklearn)",
  "n_train": 1680339,
  "n_test": 443309,
  "n_fire_train": 3404,
  "n_fire_test": 727,
  "n_flammable": 2123648,
  "n_fire_total": 4131,
  "neg_pos_ratio": 492.63660399529965
}